INSERT INTO public.m_users (id, username, surname, patronymic, phone_number, login, password, created, changed,
                            birth_date, is_blocked, mail, country_location, delete)
VALUES (93, 'name', 'surname', 'patronymic', '88006663636', 'login123', 'password', '2020-07-28 14:25:44.675000',
        '2020-07-28 14:25:44.675000', '2020-07-22', false, 'mail@mail.ru', 'Belarus', false);
INSERT INTO public.m_users (id, username, surname, patronymic, phone_number, login, password, created, changed,
                            birth_date, is_blocked, mail, country_location, delete)
VALUES (94, 'name', 'surname', 'patronymic', '88006663636', 'loging', 'password', '2020-07-28 14:39:32.013000',
        '2020-07-28 14:39:32.014000', '2020-07-22', false, 'mail@mail.ru', 'Belarus', false);
INSERT INTO public.m_users (id, username, surname, patronymic, phone_number, login, password, created, changed,
                            birth_date, is_blocked, mail, country_location, delete)
VALUES (9, 'User7s', 'User7s', 'User7s', '12345678910', 'User7', 'User7p', '2020-05-20 16:09:27.000000',
        '2020-05-20 16:09:32.000000', '1996-05-10', false, 'mail@mail.ru', 'Belarus', false);
INSERT INTO public.m_users (id, username, surname, patronymic, phone_number, login, password, created, changed,
                            birth_date, is_blocked, mail, country_location, delete)
VALUES (8, 'User6s', 'User6s', 'User6s', '88005553535', 'User6', 'User6p', '2020-05-20 16:09:26.000000',
        '2020-05-20 16:09:31.000000', '2006-05-11', false, 'mail@mail.ru', 'Belarus', false);
INSERT INTO public.m_users (id, username, surname, patronymic, phone_number, login, password, created, changed,
                            birth_date, is_blocked, mail, country_location, delete)
VALUES (3, 'User1s', 'User1s', 'User1s', '12345678910', 'User1', 'User1p', '2020-05-20 14:43:45.000000',
        '2020-05-20 14:43:49.000000', '1991-12-19', false, 'mail@mail.ru', 'Belarus', false);
INSERT INTO public.m_users (id, username, surname, patronymic, phone_number, login, password, created, changed,
                            birth_date, is_blocked, mail, country_location, delete)
VALUES (2, 'Evgeniy', 'Dolgiy', 'Pavlovich', '88005553535', 'ED', 'EDp', '2020-05-20 14:43:45.000000',
        '2020-05-20 14:43:49.000000', '1995-12-11', false, 'mail@mail.ru', 'Belarus', false);
INSERT INTO public.m_users (id, username, surname, patronymic, phone_number, login, password, created, changed,
                            birth_date, is_blocked, mail, country_location, delete)
VALUES (7, 'User5s', 'User5s', 'User5s', '88005553535', 'User5', 'User5p', '2020-05-20 16:09:24.000000',
        '2020-05-20 16:09:30.000000', '1998-05-15', false, 'mail@mail.ru', 'Belarus', false);
INSERT INTO public.m_users (id, username, surname, patronymic, phone_number, login, password, created, changed,
                            birth_date, is_blocked, mail, country_location, delete)
VALUES (85, 'name', 'surname', 'patronymic', '88006663636', 'login', 'password', '2020-07-25 17:35:58.002000',
        '2020-07-25 17:35:58.003000', '2020-07-22', false, 'mail@mail.ru', 'Belarus', false);
INSERT INTO public.m_users (id, username, surname, patronymic, phone_number, login, password, created, changed,
                            birth_date, is_blocked, mail, country_location, delete)
VALUES (6, 'User4s', 'User4s', 'User4s', '88005553535', 'User4', 'User4p', '2020-05-20 14:43:45.000000',
        '2020-05-20 14:43:49.000000', '2000-07-20', false, 'mail@mail.ru', 'Belarus', false);
INSERT INTO public.m_users (id, username, surname, patronymic, phone_number, login, password, created, changed,
                            birth_date, is_blocked, mail, country_location, delete)
VALUES (5, 'User3s', 'User3s', 'User3s', '12345678910', 'User3', 'User3p', '2020-05-20 14:43:45.000000',
        '2020-05-20 14:43:49.000000', '1995-12-28', false, 'mail@mail.ru', 'Belarus', false);
INSERT INTO public.m_users (id, username, surname, patronymic, phone_number, login, password, created, changed,
                            birth_date, is_blocked, mail, country_location, delete)
VALUES (4, 'User2s', 'User2s', 'User2s', '12345678910', 'User2', 'User2p', '2020-05-20 14:43:45.000000',
        '2020-05-20 14:43:49.000000', '1998-08-20', false, 'mail@mail.ru', 'Belarus', false);
INSERT INTO public.m_users (id, username, surname, patronymic, phone_number, login, password, created, changed,
                            birth_date, is_blocked, mail, country_location, delete)
VALUES (11, 'vasa', 'User9s', 'User9s', '88005553535', 'User9
', 'User9p
', '2020-05-20 16:09:29.000000', '2020-05-31 18:15:04.420000', '2002-05-17', false, 'mail@mail.ru', 'Belarus', false);
INSERT INTO public.m_users (id, username, surname, patronymic, phone_number, login, password, created, changed,
                            birth_date, is_blocked, mail, country_location, delete)
VALUES (95, 'name', 'surname', 'patronymic', '88006663636', 'login111', 'password', '2020-07-28 15:26:37.586000',
        '2020-07-28 15:26:37.587000', '2020-07-22', false, 'mail@mail.ru', 'Belarus', false);


INSERT INTO public.m_buildings (id, type, land_area, rooms_count, total_rooms_area, living_area, kitchen_area,
                                building_floors, floor, building_year, repairs, garage, barn, bath, description,
                                country_location, region_location, town_location, street_location, building_location,
                                room_location, user_id, delete)
VALUES (42, 'office', 0, 3, 80, 50, 20, 12, 7, 1954, true, false, false, false, 'cool office', 'Belarus', 'Minsk',
        'Minsk', 'Pushkina', '12', '12', 93, false);
INSERT INTO public.m_buildings (id, type, land_area, rooms_count, total_rooms_area, living_area, kitchen_area,
                                building_floors, floor, building_year, repairs, garage, barn, bath, description,
                                country_location, region_location, town_location, street_location, building_location,
                                room_location, user_id, delete)
VALUES (43, 'office', 0, 3, 80, 50, 20, 12, 7, 1954, true, false, false, false, 'cool office', 'Belarus', 'Minsk',
        'Minsk', 'Lenina', '12', '12', 93, false);
INSERT INTO public.m_buildings (id, type, land_area, rooms_count, total_rooms_area, living_area, kitchen_area,
                                building_floors, floor, building_year, repairs, garage, barn, bath, description,
                                country_location, region_location, town_location, street_location, building_location,
                                room_location, user_id, delete)
VALUES (44, 'office', 0, 3, 80, 50, 20, 12, 7, 1954, true, false, false, false, 'cool office', 'Belarus', 'Minsk',
        'Jodino', 'Lenina', '12', '12', 93, false);
INSERT INTO public.m_buildings (id, type, land_area, rooms_count, total_rooms_area, living_area, kitchen_area,
                                building_floors, floor, building_year, repairs, garage, barn, bath, description,
                                country_location, region_location, town_location, street_location, building_location,
                                room_location, user_id, delete)
VALUES (33, 'house', 100, 3, 80, 50, 20, 10, 5, 1999, true, true, true, true, 'cool house', 'Belarus', 'Minsk', 'Minsk',
        'Pushkin', '10', '10', 2, false);
INSERT INTO public.m_buildings (id, type, land_area, rooms_count, total_rooms_area, living_area, kitchen_area,
                                building_floors, floor, building_year, repairs, garage, barn, bath, description,
                                country_location, region_location, town_location, street_location, building_location,
                                room_location, user_id, delete)
VALUES (34, 'house', 1000, 13, 80, 500, 20, 10, 2, 1999, true, true, true, true, 'big house', 'Belarus', 'Minsk',
        'Minsk', 'Pushkin', '10', '10', 2, false);
INSERT INTO public.m_buildings (id, type, land_area, rooms_count, total_rooms_area, living_area, kitchen_area,
                                building_floors, floor, building_year, repairs, garage, barn, bath, description,
                                country_location, region_location, town_location, street_location, building_location,
                                room_location, user_id, delete)
VALUES (35, 'house', 1000, 13, 80, 500, 20, 10, 2, 1999, true, false, false, false, 'big house', 'Belarus', 'Minsk',
        'Minsk', 'Pushkin', '10', '10', 2, false);
INSERT INTO public.m_buildings (id, type, land_area, rooms_count, total_rooms_area, living_area, kitchen_area,
                                building_floors, floor, building_year, repairs, garage, barn, bath, description,
                                country_location, region_location, town_location, street_location, building_location,
                                room_location, user_id, delete)
VALUES (36, 'room', 0, 3, 80, 50, 20, 10, 5, 1999, true, false, false, false, 'cool room', 'Belarus', 'Minsk', 'Minsk',
        'Pushkin', '10', '10', 95, false);
INSERT INTO public.m_buildings (id, type, land_area, rooms_count, total_rooms_area, living_area, kitchen_area,
                                building_floors, floor, building_year, repairs, garage, barn, bath, description,
                                country_location, region_location, town_location, street_location, building_location,
                                room_location, user_id, delete)
VALUES (37, 'room', 0, 2, 80, 50, 20, 5, 5, 1934, true, false, false, false, 'cool room', 'Belarus', 'Minsk', 'Borisov',
        'Lenina', '10', '10', 95, false);
INSERT INTO public.m_buildings (id, type, land_area, rooms_count, total_rooms_area, living_area, kitchen_area,
                                building_floors, floor, building_year, repairs, garage, barn, bath, description,
                                country_location, region_location, town_location, street_location, building_location,
                                room_location, user_id, delete)
VALUES (38, 'room', 0, 2, 80, 50, 20, 5, 5, 1934, true, false, false, false, 'cool room', 'Belarus', 'Minsk', 'jodino',
        'Lenina', '10', '10', 95, false);
INSERT INTO public.m_buildings (id, type, land_area, rooms_count, total_rooms_area, living_area, kitchen_area,
                                building_floors, floor, building_year, repairs, garage, barn, bath, description,
                                country_location, region_location, town_location, street_location, building_location,
                                room_location, user_id, delete)
VALUES (39, 'flat', 0, 2, 80, 50, 20, 12, 7, 1954, true, false, false, false, 'cool room', 'Belarus', 'Minsk', 'jodino',
        'Lenina', '10', '10', 94, false);
INSERT INTO public.m_buildings (id, type, land_area, rooms_count, total_rooms_area, living_area, kitchen_area,
                                building_floors, floor, building_year, repairs, garage, barn, bath, description,
                                country_location, region_location, town_location, street_location, building_location,
                                room_location, user_id, delete)
VALUES (40, 'flat', 0, 2, 80, 50, 20, 12, 7, 1954, true, false, false, false, 'cool flat', 'Belarus', 'Minsk', 'Minsk',
        'Pushkina', '10', '12', 94, false);
INSERT INTO public.m_buildings (id, type, land_area, rooms_count, total_rooms_area, living_area, kitchen_area,
                                building_floors, floor, building_year, repairs, garage, barn, bath, description,
                                country_location, region_location, town_location, street_location, building_location,
                                room_location, user_id, delete)
VALUES (41, 'flat', 0, 3, 80, 50, 20, 12, 7, 1954, true, false, false, false, 'cool flat', 'Belarus', 'Minsk', 'Minsk',
        'Pushkina', '12', '12', 94, false);


INSERT INTO public.m_roles (id, role_name, user_id, delete)
VALUES (1, 'ROLE_ADMIN', 2, false);
INSERT INTO public.m_roles (id, role_name, user_id, delete)
VALUES (2, 'ROLE_ADMIN', 7, false);
INSERT INTO public.m_roles (id, role_name, user_id, delete)
VALUES (6, 'ROLE_MODERATOR', 5, false);
INSERT INTO public.m_roles (id, role_name, user_id, delete)
VALUES (7, 'ROLE_ADMIN', 4, false);
INSERT INTO public.m_roles (id, role_name, user_id, delete)
VALUES (4, 'ROLE_USER', 3, false);
INSERT INTO public.m_roles (id, role_name, user_id, delete)
VALUES (3, 'ROLE_ADMIN', 6, false);
INSERT INTO public.m_roles (id, role_name, user_id, delete)
VALUES (8, 'ROLE_USER', 8, false);
INSERT INTO public.m_roles (id, role_name, user_id, delete)
VALUES (9, 'ROLE_USER', 9, false);
INSERT INTO public.m_roles (id, role_name, user_id, delete)
VALUES (10, 'ROLE_USER', 11, false);
INSERT INTO public.m_roles (id, role_name, user_id, delete)
VALUES (12, 'ROLE_USER', 2, false);
INSERT INTO public.m_roles (id, role_name, user_id, delete)
VALUES (58, 'ROLE_USER', 85, false);
INSERT INTO public.m_roles (id, role_name, user_id, delete)
VALUES (63, 'ROLE_USER', 93, false);
INSERT INTO public.m_roles (id, role_name, user_id, delete)
VALUES (64, 'ROLE_USER', 94, false);
INSERT INTO public.m_roles (id, role_name, user_id, delete)
VALUES (65, 'ROLE_USER', 95, false);


INSERT INTO public.m_chat (id, user_id, room_id, time, message, delete)
VALUES (2, 2, 1, '2020-07-26 14:49:01.699000', 'message', false);
INSERT INTO public.m_chat (id, user_id, room_id, time, message, delete)
VALUES (4, 2, 1, '2020-07-26 18:46:32.175000', 'message', false);
INSERT INTO public.m_chat (id, user_id, room_id, time, message, delete)
VALUES (5, 2, 1, '2020-07-26 18:46:34.470000', 'message', false);
INSERT INTO public.m_chat (id, user_id, room_id, time, message, delete)
VALUES (6, 2, 2, '2020-07-28 15:56:12.555000', 'message', false);
INSERT INTO public.m_chat (id, user_id, room_id, time, message, delete)
VALUES (7, 2, 2, '2020-07-28 15:56:13.387000', 'message', false);
INSERT INTO public.m_chat (id, user_id, room_id, time, message, delete)
VALUES (8, 2, 2, '2020-07-28 15:56:14.071000', 'message', false);
INSERT INTO public.m_chat (id, user_id, room_id, time, message, delete)
VALUES (9, 3, 1, '2020-07-28 15:57:01.604000', 'message', false);
INSERT INTO public.m_chat (id, user_id, room_id, time, message, delete)
VALUES (10, 3, 1, '2020-07-28 15:57:02.684000', 'message', false);
INSERT INTO public.m_chat (id, user_id, room_id, time, message, delete)
VALUES (11, 3, 1, '2020-07-28 15:57:03.084000', 'message', false);
INSERT INTO public.m_chat (id, user_id, room_id, time, message, delete)
VALUES (12, 4, 2, '2020-07-28 15:57:37.274000', 'message', false);
INSERT INTO public.m_chat (id, user_id, room_id, time, message, delete)
VALUES (13, 4, 2, '2020-07-28 15:57:37.627000', 'message', false);
INSERT INTO public.m_chat (id, user_id, room_id, time, message, delete)
VALUES (14, 4, 2, '2020-07-28 15:57:37.966000', 'message', false);


INSERT INTO public.m_real_estate_activities (id, building_id, price, currency, user_link, building_link, type, delete)
VALUES (27, 33, 1000000, 'RUB', 'http://localhost:8080/users/searchByLogin?login=ED',
        'http://localhost:8080/buildings/33', 'sale', false);
INSERT INTO public.m_real_estate_activities (id, building_id, price, currency, user_link, building_link, type, delete)
VALUES (28, 34, 1000, 'RUB', 'http://localhost:8080/users/searchByLogin?login=ED',
        'http://localhost:8080/buildings/34', 'rent', false);
INSERT INTO public.m_real_estate_activities (id, building_id, price, currency, user_link, building_link, type, delete)
VALUES (29, 35, 1100, 'RUB', 'http://localhost:8080/users/searchByLogin?login=ED',
        'http://localhost:8080/buildings/35', 'rent', false);
INSERT INTO public.m_real_estate_activities (id, building_id, price, currency, user_link, building_link, type, delete)
VALUES (30, 36, 300, 'RUB', 'http://localhost:8080/users/searchByLogin?login=login111',
        'http://localhost:8080/buildings/36', 'rent', false);
INSERT INTO public.m_real_estate_activities (id, building_id, price, currency, user_link, building_link, type, delete)
VALUES (31, 37, 300, 'RUB', 'http://localhost:8080/users/searchByLogin?login=login111',
        'http://localhost:8080/buildings/37', 'rent', false);
INSERT INTO public.m_real_estate_activities (id, building_id, price, currency, user_link, building_link, type, delete)
VALUES (32, 37, 20000, 'RUB', 'http://localhost:8080/users/searchByLogin?login=login111',
        'http://localhost:8080/buildings/37', 'sale', false);
INSERT INTO public.m_real_estate_activities (id, building_id, price, currency, user_link, building_link, type, delete)
VALUES (33, 39, 20000, 'RUB', 'http://localhost:8080/users/searchByLogin?login=login',
        'http://localhost:8080/buildings/39', 'sale', false);
INSERT INTO public.m_real_estate_activities (id, building_id, price, currency, user_link, building_link, type, delete)
VALUES (34, 40, 200000, 'RUB', 'http://localhost:8080/users/searchByLogin?login=login',
        'http://localhost:8080/buildings/40', 'sale', false);
INSERT INTO public.m_real_estate_activities (id, building_id, price, currency, user_link, building_link, type, delete)
VALUES (35, 41, 2000, 'RUB', 'http://localhost:8080/users/searchByLogin?login=login',
        'http://localhost:8080/buildings/41', 'rent', false);
INSERT INTO public.m_real_estate_activities (id, building_id, price, currency, user_link, building_link, type, delete)
VALUES (36, 42, 20000, 'RUB', 'http://localhost:8080/users/searchByLogin?login=login123',
        'http://localhost:8080/buildings/42', 'rent', false);
INSERT INTO public.m_real_estate_activities (id, building_id, price, currency, user_link, building_link, type, delete)
VALUES (37, 43, 20000, 'RUB', 'http://localhost:8080/users/searchByLogin?login=login123',
        'http://localhost:8080/buildings/43', 'rent', false);
INSERT INTO public.m_real_estate_activities (id, building_id, price, currency, user_link, building_link, type, delete)
VALUES (38, 44, 2000000, 'RUB', 'http://localhost:8080/users/searchByLogin?login=login123',
        'http://localhost:8080/buildings/44', 'sale', false);


INSERT INTO public.m_real_estate_activities_request (id, real_estate_activities_id, user_link, message, delete)
VALUES (6, 27, 'http://localhost:8080/users/searchByLogin?login=login123', 'I want to see', false);
INSERT INTO public.m_real_estate_activities_request (id, real_estate_activities_id, user_link, message, delete)
VALUES (7, 28, 'http://localhost:8080/users/searchByLogin?login=login123', 'I want to see', false);
INSERT INTO public.m_real_estate_activities_request (id, real_estate_activities_id, user_link, message, delete)
VALUES (8, 29, 'http://localhost:8080/users/searchByLogin?login=login123', 'I want to see', false);
INSERT INTO public.m_real_estate_activities_request (id, real_estate_activities_id, user_link, message, delete)
VALUES (9, 29, 'http://localhost:8080/users/searchByLogin?login=User3', 'I want to see', false);
INSERT INTO public.m_real_estate_activities_request (id, real_estate_activities_id, user_link, message, delete)
VALUES (10, 30, 'http://localhost:8080/users/searchByLogin?login=User3', 'I want to see', false);
INSERT INTO public.m_real_estate_activities_request (id, real_estate_activities_id, user_link, message, delete)
VALUES (11, 31, 'http://localhost:8080/users/searchByLogin?login=User3', 'I want to see', false);
INSERT INTO public.m_real_estate_activities_request (id, real_estate_activities_id, user_link, message, delete)
VALUES (12, 32, 'http://localhost:8080/users/searchByLogin?login=User3', 'I want to see', false);
INSERT INTO public.m_real_estate_activities_request (id, real_estate_activities_id, user_link, message, delete)
VALUES (13, 33, 'http://localhost:8080/users/searchByLogin?login=User3', 'I want to see', false);
INSERT INTO public.m_real_estate_activities_request (id, real_estate_activities_id, user_link, message, delete)
VALUES (14, 34, 'http://localhost:8080/users/searchByLogin?login=User3', 'I want to see', false);
INSERT INTO public.m_real_estate_activities_request (id, real_estate_activities_id, user_link, message, delete)
VALUES (15, 35, 'http://localhost:8080/users/searchByLogin?login=User3', 'I want to see', false);
INSERT INTO public.m_real_estate_activities_request (id, real_estate_activities_id, user_link, message, delete)
VALUES (16, 36, 'http://localhost:8080/users/searchByLogin?login=User3', 'I want to see', false);
INSERT INTO public.m_real_estate_activities_request (id, real_estate_activities_id, user_link, message, delete)
VALUES (17, 37, 'http://localhost:8080/users/searchByLogin?login=User3', 'I want to see', false);
INSERT INTO public.m_real_estate_activities_request (id, real_estate_activities_id, user_link, message, delete)
VALUES (18, 38, 'http://localhost:8080/users/searchByLogin?login=User3', 'I want to see', false);
INSERT INTO public.m_real_estate_activities_request (id, real_estate_activities_id, user_link, message, delete)
VALUES (19, 38, 'http://localhost:8080/users/searchByLogin?login=ED', 'I want to see', false);
INSERT INTO public.m_real_estate_activities_request (id, real_estate_activities_id, user_link, message, delete)
VALUES (20, 37, 'http://localhost:8080/users/searchByLogin?login=ED', 'I want to see', false);
INSERT INTO public.m_real_estate_activities_request (id, real_estate_activities_id, user_link, message, delete)
VALUES (21, 36, 'http://localhost:8080/users/searchByLogin?login=ED', 'I want to see', false);